{"parts":{"bg":{"enable":true,"frameCount":1,"height":800,"hotlink_enable":false,"position":{"positionX":[{"index":106,"x":0,"y":0},{"index":107,"x":448.50,"y":0}],"positionY":[]},"positionRelationType":0,"positionType":65536,"rotateCenter":[{"x":225,"y":400}],"scale":{"scaleX":{"pointA":[{"index":106,"x":0,"y":0}],"pointB":[{"index":107,"x":448.50,"y":0}]},"scaleY":{"pointA":[],"pointB":[]}},"triggerDelay":0,"triggerLoop":0,"triggerStop":false,"triggerType":65536,"width":450,"zPosition":0},"fg":{"enable":true,"frameCount":30,"height":400,"hotlink_enable":false,"position":{"positionX":[{"index":106,"x":1.19,"y":-0.59},{"index":107,"x":449.02,"y":-0.59}],"positionY":[]},"positionRelationType":0,"positionType":0,"rotateCenter":[{"x":200,"y":200}],"scale":{"scaleX":{"pointA":[{"index":106,"x":1.19,"y":-0.59}],"pointB":[{"index":107,"x":449.02,"y":-0.59}]},"scaleY":{"pointA":[],"pointB":[]}},"triggerDelay":0,"triggerLoop":0,"triggerStop":false,"triggerType":0,"width":400,"zPosition":8},"huan":{"enable":true,"frameCount":30,"height":500,"hotlink_enable":false,"position":{"positionX":[{"index":114,"x":248.03,"y":244.09}],"positionY":[]},"positionRelationType":1,"positionType":4096,"rotateCenter":[{"x":250,"y":250}],"scale":{"scaleX":{"pointA":[{"index":110,"x":24.93,"y":111.54}],"pointB":[{"index":111,"x":471.12,"y":111.54}]},"scaleY":{"pointA":[],"pointB":[]}},"triggerDelay":0,"triggerLoop":0,"triggerStop":false,"triggerType":4096,"width":500,"zPosition":7},"ka":{"enable":true,"frameCount":15,"height":338,"hotlink_enable":false,"position":{"positionX":[{"index":9,"x":224.62,"y":40.50},{"index":16,"x":378.49,"y":129.25}],"positionY":[]},"positionRelationType":1,"positionType":4,"rotateCenter":[{"index":46,"x":380.45,"y":-91.81}],"scale":{"scaleX":{"pointA":[{"index":9,"x":224.62,"y":40.50}],"pointB":[{"index":16,"x":378.49,"y":129.25}]},"scaleY":{"pointA":[],"pointB":[]}},"triggerDelay":0,"triggerLoop":0,"triggerStop":false,"triggerType":0,"width":300,"zPosition":5},"qiu":{"enable":true,"frameCount":30,"height":350,"hotlink_enable":false,"position":{"positionX":[{"index":74,"x":-141.24,"y":-173.15},{"index":77,"x":65.53,"y":-172.72}],"positionY":[]},"positionRelationType":1,"positionType":1,"rotateCenter":[{"index":46,"x":-38.13,"y":-71.31}],"scale":{"scaleX":{"pointA":[{"index":74,"x":-141.24,"y":-173.15}],"pointB":[{"index":77,"x":65.53,"y":-172.72}]},"scaleY":{"pointA":[],"pointB":[]}},"triggerDelay":0,"triggerLoop":0,"triggerStop":false,"triggerType":0,"width":350,"zPosition":4},"saihongL":{"enable":true,"frameCount":1,"height":120,"hotlink_enable":false,"position":{"positionX":[{"index":74,"x":92.53,"y":-17.59},{"index":77,"x":253.57,"y":-17.26}],"positionY":[]},"positionRelationType":1,"positionType":1,"rotateCenter":[{"index":46,"x":172.83,"y":61.72}],"scale":{"scaleX":{"pointA":[{"index":74,"x":92.53,"y":-17.59}],"pointB":[{"index":77,"x":253.57,"y":-17.26}]},"scaleY":{"pointA":[],"pointB":[]}},"triggerDelay":0,"triggerLoop":0,"triggerStop":false,"triggerType":0,"width":150,"zPosition":2},"saihongR":{"enable":true,"frameCount":1,"height":120,"hotlink_enable":false,"position":{"positionX":[{"index":74,"x":-99.11,"y":-21.61},{"index":77,"x":57.94,"y":-21.28}],"positionY":[]},"positionRelationType":1,"positionType":1,"rotateCenter":[{"index":46,"x":-20.79,"y":55.73}],"scale":{"scaleX":{"pointA":[{"index":74,"x":-99.11,"y":-21.61}],"pointB":[{"index":77,"x":57.94,"y":-21.28}]},"scaleY":{"pointA":[],"pointB":[]}},"triggerDelay":0,"triggerLoop":0,"triggerStop":false,"triggerType":0,"width":150,"zPosition":1},"shajin":{"enable":true,"frameCount":15,"height":338,"hotlink_enable":false,"position":{"positionX":[{"index":74,"x":232.43,"y":282.12},{"index":77,"x":371.88,"y":282.41}],"positionY":[]},"positionRelationType":1,"positionType":4,"rotateCenter":[{"index":46,"x":301.97,"y":350.80}],"scale":{"scaleX":{"pointA":[{"index":74,"x":232.43,"y":282.12}],"pointB":[{"index":77,"x":371.88,"y":282.41}]},"scaleY":{"pointA":[],"pointB":[]}},"triggerDelay":0,"triggerLoop":0,"triggerStop":false,"triggerType":0,"width":600,"zPosition":6},"yanjiao":{"enable":true,"frameCount":15,"height":100,"hotlink_enable":false,"position":{"positionX":[{"index":74,"x":126.75,"y":-6.32},{"index":2,"x":-4.09,"y":49.03}],"positionY":[]},"positionRelationType":1,"positionType":1,"rotateCenter":[{"index":46,"x":235.85,"y":101.44}],"scale":{"scaleX":{"pointA":[{"index":74,"x":126.75,"y":-6.32}],"pointB":[{"index":2,"x":-4.09,"y":49.03}]},"scaleY":{"pointA":[],"pointB":[]}},"triggerDelay":0,"triggerLoop":0,"triggerStop":false,"triggerType":0,"width":120,"zPosition":3}},"stickerType":"2D","version":"1.1"}