{"parts":{"bg":{"enable":true,"frameCount":38,"height":711,"hotlink_enable":false,"position":{"positionX":[{"index":106,"x":0,"y":0},{"index":107,"x":398.30,"y":0}],"positionY":[]},"positionRelationType":0,"positionType":0,"rotateCenter":[{"x":200,"y":355.5}],"scale":{"scaleX":{"pointA":[{"index":106,"x":0,"y":0}],"pointB":[{"index":107,"x":398.30,"y":0}]},"scaleY":{"pointA":[],"pointB":[]}},"triggerDelay":0,"triggerLoop":3,"triggerStop":false,"triggerType":4096,"width":400,"zPosition":2},"dise":{"enable":true,"frameCount":1,"height":889,"hotlink_enable":false,"position":{"positionX":[{"index":106,"x":0,"y":0},{"index":107,"x":498.39,"y":0}],"positionY":[]},"positionRelationType":0,"positionType":0,"rotateCenter":[{"x":250,"y":444.5}],"scale":{"scaleX":{"pointA":[{"index":106,"x":0,"y":0}],"pointB":[{"index":107,"x":498.39,"y":0}]},"scaleY":{"pointA":[],"pointB":[]}},"triggerDelay":0,"triggerLoop":0,"triggerStop":false,"triggerType":0,"width":500,"zPosition":1},"toufa":{"enable":true,"frameCount":39,"height":600,"hotlink_enable":false,"position":{"positionX":[{"index":74,"x":248.22,"y":504.41},{"index":77,"x":361.73,"y":504.64}],"positionY":[]},"positionRelationType":1,"positionType":1,"rotateCenter":[{"index":46,"x":304.82,"y":560.31}],"scale":{"scaleX":{"pointA":[{"index":74,"x":248.22,"y":504.41}],"pointB":[{"index":77,"x":361.73,"y":504.64}]},"scaleY":{"pointA":[],"pointB":[]}},"triggerDelay":0,"triggerLoop":0,"triggerStop":false,"triggerType":0,"width":600,"zPosition":0}},"stickerType":"2D","version":"1.1"}