{"backgroundEdge":{"color":-1,"displayFrames":0,"enable":false,"triggerDelay":0,"triggerType":0,"width":5,"zposition":4},"parts":{"guaishou":{"enable":true,"frameCount":12,"height":200,"position":{"positionX":[{"index":74,"x":-142.045,"y":-136.96969604492188},{"index":77,"x":14.393,"y":-137.27272033691406}],"positionY":[]},"positionRelationType":1,"positionType":1,"rotateCenter":[{"index":46,"x":-62.878,"y":-58.257572174072266}],"scale":{"scaleX":{"pointA":[{"index":74,"x":-142.045,"y":-136.96969604492188}],"pointB":[{"index":77,"x":14.393,"y":-137.27272033691406}]},"scaleY":{"pointA":[],"pointB":[]}},"triggerDelay":0,"triggerLoop":0,"triggerStop":false,"triggerType":0,"width":200,"zPosition":2},"saihong":{"enable":true,"frameCount":1,"height":200,"position":{"positionX":[{"index":74,"x":120.033,"y":-25.915178298950195},{"index":77,"x":327.455,"y":-26.31696319580078}],"positionY":[]},"positionRelationType":1,"positionType":1,"rotateCenter":[{"index":46,"x":225,"y":78.448}],"scale":{"scaleX":{"pointA":[{"index":74,"x":120.033,"y":-25.915178298950195}],"pointB":[{"index":77,"x":327.455,"y":-26.31696319580078}]},"scaleY":{"pointA":[],"pointB":[]}},"triggerDelay":0,"triggerLoop":0,"triggerStop":false,"triggerType":0,"width":450,"zPosition":1},"xiangquan":{"enable":true,"frameCount":1,"height":200,"position":{"positionX":[{"index":74,"x":118.553,"y":-393.29595947265625},{"index":77,"x":326.905,"y":-393.6995544433594}],"positionY":[]},"positionRelationType":1,"positionType":1,"rotateCenter":[{"index":46,"x":223.991,"y":-288.4641418457031}],"scale":{"scaleX":{"pointA":[{"index":74,"x":118.553,"y":-393.29595947265625}],"pointB":[{"index":77,"x":326.905,"y":-393.6995544433594}]},"scaleY":{"pointA":[],"pointB":[]}},"triggerDelay":0,"triggerLoop":0,"triggerStop":false,"triggerType":0,"width":450,"zPosition":0},"youer":{"enable":true,"frameCount":12,"height":200,"position":{"positionX":[{"index":74,"x":-93.75,"y":237.631},{"index":77,"x":42.105,"y":237.36842346191406}],"positionY":[]},"positionRelationType":1,"positionType":1,"rotateCenter":[{"index":46,"x":-25,"y":305.986}],"scale":{"scaleX":{"pointA":[{"index":74,"x":-93.75,"y":237.631}],"pointB":[{"index":77,"x":42.105,"y":237.36842346191406}]},"scaleY":{"pointA":[],"pointB":[]}},"triggerDelay":0,"triggerLoop":0,"triggerStop":false,"triggerType":0,"width":200,"zPosition":5},"zuoer":{"enable":true,"frameCount":12,"height":200,"position":{"positionX":[{"index":74,"x":157.543,"y":251.36842346191406},{"index":77,"x":302.456,"y":251.0877227783203}],"positionY":[]},"positionRelationType":1,"positionType":1,"rotateCenter":[{"index":46,"x":230.877,"y":324.28070068359375}],"scale":{"scaleX":{"pointA":[{"index":74,"x":157.543,"y":251.36842346191406}],"pointB":[{"index":77,"x":302.456,"y":251.0877227783203}]},"scaleY":{"pointA":[],"pointB":[]}},"triggerDelay":0,"triggerLoop":0,"triggerStop":false,"triggerType":0,"width":200,"zPosition":3}},"version":"1.1"}