{"backgroundEdge":{"color":-1,"displayFrames":0,"enable":false,"triggerDelay":0,"triggerType":0,"width":5,"zposition":2},"parts":{"erduo":{"enable":true,"frameCount":12,"height":250,"position":{"positionX":[{"index":74,"x":187.160,"y":331.6576232910156},{"index":77,"x":327.445,"y":331.3858642578125}],"positionY":[]},"positionRelationType":1,"positionType":1,"rotateCenter":[{"index":46,"x":258.152,"y":402.2418518066406}],"scale":{"scaleX":{"pointA":[{"index":74,"x":187.160,"y":331.6576232910156}],"pointB":[{"index":77,"x":327.445,"y":331.3858642578125}]},"scaleY":{"pointA":[],"pointB":[]}},"triggerDelay":0,"triggerLoop":0,"triggerStop":false,"triggerType":0,"width":500,"zPosition":1},"saihong":{"enable":true,"frameCount":12,"height":200,"position":{"positionX":[{"index":74,"x":151.934,"y":20.622156143188477},{"index":77,"x":292.943,"y":20.349014282226562}],"positionY":[]},"positionRelationType":1,"positionType":1,"rotateCenter":[{"index":46,"x":223.292,"y":91.57056427001953}],"scale":{"scaleX":{"pointA":[{"index":74,"x":151.934,"y":20.622156143188477}],"pointB":[{"index":77,"x":292.943,"y":20.349014282226562}]},"scaleY":{"pointA":[],"pointB":[]}},"triggerDelay":0,"triggerLoop":0,"triggerStop":false,"triggerType":0,"width":450,"zPosition":0}},"version":"1.1"}