{"backgroundEdge":{"color":-1,"displayFrames":0,"enable":false,"triggerDelay":0,"triggerType":0,"width":5,"zposition":3},"parts":{"fagu":{"enable":true,"frameCount":12,"height":200,"position":{"positionX":[{"index":74,"x":108.945,"y":252.48287963867188},{"index":77,"x":216.846,"y":252.2738800048828}],"positionY":[]},"positionRelationType":1,"positionType":1,"rotateCenter":[{"index":46,"x":163.549,"y":306.7729797363281}],"scale":{"scaleX":{"pointA":[{"index":74,"x":108.945,"y":252.48287963867188}],"pointB":[{"index":77,"x":216.846,"y":252.2738800048828}]},"scaleY":{"pointA":[],"pointB":[]}},"triggerDelay":0,"triggerLoop":0,"triggerStop":false,"triggerType":0,"width":290,"zPosition":0},"youchibang":{"enable":true,"frameCount":12,"height":150,"position":{"positionX":[{"index":74,"x":-161.144,"y":188.07229614257812},{"index":77,"x":-36.746,"y":187.83132934570312}],"positionY":[]},"positionRelationType":1,"positionType":1,"rotateCenter":[{"index":46,"x":-98.192,"y":250.66265869140625}],"scale":{"scaleX":{"pointA":[{"index":74,"x":-161.144,"y":188.07229614257812}],"pointB":[{"index":77,"x":-36.746,"y":187.83132934570312}]},"scaleY":{"pointA":[],"pointB":[]}},"triggerDelay":0,"triggerLoop":0,"triggerStop":false,"triggerType":0,"width":150,"zPosition":2},"zuochibang":{"enable":true,"frameCount":12,"height":150,"position":{"positionX":[{"index":74,"x":181.562,"y":190.125},{"index":77,"x":310.625,"y":189.875}],"positionY":[]},"positionRelationType":1,"positionType":1,"rotateCenter":[{"index":46,"x":246.875,"y":255.062}],"scale":{"scaleX":{"pointA":[{"index":74,"x":181.562,"y":190.125}],"pointB":[{"index":77,"x":310.625,"y":189.875}]},"scaleY":{"pointA":[],"pointB":[]}},"triggerDelay":0,"triggerLoop":0,"triggerStop":false,"triggerType":0,"width":150,"zPosition":1}},"version":"1.1"}