{"faceMorph":{"allowDiscardFrame":false,"canvasSize":[750,1334],"makeups":[{"enable":true,"imagePath":"__facemorph/mouth.png","imageScale":1,"lipTablePath":"__lipTable/table.png","name":"mouth","position":[309,713],"tag":"MASK_LUT","useOpenMouth":true,"zPosition":1},{"enable":true,"imagePath":"__facemorph/softlight.png","imageScale":1,"name":"softlight","position":[32,304],"tag":"SOFTLIGHT","useOpenMouth":true,"zPosition":0},{"enable":true,"imagePath":"__facemorph/yan.png","imageScale":0.97,"name":"yan","position":[101,230],"tag":"BLUSH","useOpenMouth":true,"zPosition":2}],"targetFPS":25},"newPartField":"3.0","parts":{"L":{"allowDiscardFrame":false,"blendMode":0,"enable":true,"frameCount":20,"height":80,"hotlinkEnable":false,"position":{"positionX":[{"index":74,"x":61.45,"y":16.87},{"index":77,"x":191.74,"y":16.06}],"positionY":[]},"positionRelationType":1,"positionType":1,"positionType2":0,"rotateCenter":[{"index":46,"x":126.95,"y":87.37}],"scale":{"scaleX":{"pointA":[{"index":74,"x":61.45,"y":16.87}],"pointB":[{"index":77,"x":191.74,"y":16.06}]},"scaleY":{"pointA":[],"pointB":[]}},"stickerGroup":{"groupSize":1,"index":0},"targetFPS":20,"targetType":"FACE","width":100,"zPosition":3},"R":{"allowDiscardFrame":false,"blendMode":0,"enable":true,"frameCount":1,"height":80,"hotlinkEnable":false,"position":{"positionX":[{"index":74,"x":-117.95,"y":8.44},{"index":77,"x":18.34,"y":7.59}],"positionY":[]},"positionRelationType":1,"positionType":1,"positionType2":0,"rotateCenter":[{"index":46,"x":-49.44,"y":82.18}],"scale":{"scaleX":{"pointA":[{"index":74,"x":-117.95,"y":8.44}],"pointB":[{"index":77,"x":18.34,"y":7.59}]},"scaleY":{"pointA":[],"pointB":[]}},"stickerGroup":{"groupSize":1,"index":0},"targetFPS":20,"targetType":"FACE","width":100,"zPosition":4},"kouhong":{"allowDiscardFrame":false,"blendMode":0,"enable":true,"frameCount":1,"height":100,"hotlinkEnable":false,"position":{"positionX":[{"index":74,"x":88.09,"y":-36.52},{"index":77,"x":215.97,"y":-37.32}],"positionY":[]},"positionRelationType":1,"positionType":1,"positionType2":0,"rotateCenter":[{"index":46,"x":152.37,"y":32.67}],"scale":{"scaleX":{"pointA":[{"index":74,"x":88.09,"y":-36.52}],"pointB":[{"index":77,"x":215.97,"y":-37.32}]},"scaleY":{"pointA":[],"pointB":[]}},"stickerGroup":{"groupSize":1,"index":0},"targetFPS":25,"targetType":"FACE","width":100,"zPosition":5},"shan":{"allowDiscardFrame":false,"blendMode":0,"enable":true,"frameCount":1,"height":44,"hotlinkEnable":false,"position":{"positionX":[{"index":74,"x":89.26,"y":-8.18},{"index":77,"x":217.93,"y":-8.98}],"positionY":[]},"positionRelationType":1,"positionType":1,"positionType2":0,"rotateCenter":[{"index":46,"x":153.94,"y":61.44}],"scale":{"scaleX":{"pointA":[{"index":74,"x":89.26,"y":-8.18}],"pointB":[{"index":77,"x":217.93,"y":-8.98}]},"scaleY":{"pointA":[],"pointB":[]}},"stickerGroup":{"groupSize":1,"index":0},"targetFPS":25,"targetType":"FACE","width":300,"zPosition":6},"tou":{"allowDiscardFrame":false,"blendMode":0,"enable":true,"frameCount":40,"height":350,"hotlinkEnable":false,"position":{"positionX":[{"index":74,"x":183.4,"y":322.36},{"index":77,"x":308.5,"y":321.58}],"positionY":[]},"positionRelationType":1,"positionType":1,"positionType2":0,"rotateCenter":[{"index":46,"x":246.28,"y":390.05}],"scale":{"scaleX":{"pointA":[{"index":74,"x":183.4,"y":322.36}],"pointB":[{"index":77,"x":308.5,"y":321.58}]},"scaleY":{"pointA":[],"pointB":[]}},"stickerGroup":{"groupSize":1,"index":0},"targetFPS":20,"targetType":"FACE","width":500,"zPosition":7}},"stickerType":"2D_faceMorph","toolVersion":"Mac_2.3.3","totalMem":30.92,"transitions":{"Transition1":{"conditions":[{"preState":"","triggers":"H.face.appear"}],"randomShow":false,"targets":[{"delay":0,"fadingFrame":0,"lastingFrame":0,"loop":0,"targetPart":"L","targetState":"playing"},{"delay":0,"fadingFrame":0,"lastingFrame":0,"loop":0,"targetPart":"R","targetState":"playing"},{"delay":0,"fadingFrame":0,"lastingFrame":0,"loop":0,"targetPart":"kouhong","targetState":"playing"},{"delay":0,"fadingFrame":0,"lastingFrame":0,"loop":0,"targetPart":"shan","targetState":"playing"},{"delay":0,"fadingFrame":0,"lastingFrame":0,"loop":0,"targetPart":"tou","targetState":"playing"},{"delay":0,"fadingFrame":0,"lastingFrame":0,"loop":0,"targetPart":"mouth","targetState":"playing"},{"delay":0,"fadingFrame":0,"lastingFrame":0,"loop":0,"targetPart":"softlight","targetState":"playing"},{"delay":0,"fadingFrame":0,"lastingFrame":0,"loop":0,"targetPart":"yan","targetState":"playing"}]}},"version":"3.0"}