{"backgroundEdge":{"color":-1,"displayFrames":0,"enable":false,"triggerDelay":0,"triggerType":0,"width":5,"zposition":3},"parts":{"chibang":{"enable":true,"frameCount":12,"height":220,"position":{"positionX":[{"index":74,"x":182.918,"y":297.2513122558594},{"index":77,"x":318.062,"y":296.9895324707031}],"positionY":[]},"positionRelationType":1,"positionType":1,"rotateCenter":[{"index":46,"x":251.308,"y":365.2486877441406}],"scale":{"scaleX":{"pointA":[{"index":74,"x":182.918,"y":297.2513122558594}],"pointB":[{"index":77,"x":318.062,"y":296.9895324707031}]},"scaleY":{"pointA":[],"pointB":[]}},"triggerDelay":0,"triggerLoop":0,"triggerStop":false,"triggerType":0,"width":500,"zPosition":2},"guanghuan":{"enable":true,"frameCount":12,"height":200,"position":{"positionX":[{"index":74,"x":85.154,"y":421.9952697753906},{"index":77,"x":232.304,"y":421.7102355957031}],"positionY":[]},"positionRelationType":1,"positionType":1,"rotateCenter":[{"index":46,"x":159.619,"y":496.03326416015625}],"scale":{"scaleX":{"pointA":[{"index":74,"x":85.154,"y":421.9952697753906}],"pointB":[{"index":77,"x":232.304,"y":421.7102355957031}]},"scaleY":{"pointA":[],"pointB":[]}},"triggerDelay":0,"triggerLoop":0,"triggerStop":false,"triggerType":0,"width":300,"zPosition":1},"saihong":{"enable":true,"frameCount":1,"height":120,"position":{"positionX":[{"index":74,"x":115.804,"y":-11.379310607910156},{"index":77,"x":234.482,"y":-11.609195709228516}],"positionY":[]},"positionRelationType":1,"positionType":1,"rotateCenter":[{"index":46,"x":175.862,"y":48.33333206176758}],"scale":{"scaleX":{"pointA":[{"index":74,"x":115.804,"y":-11.379310607910156}],"pointB":[{"index":77,"x":234.482,"y":-11.609195709228516}]},"scaleY":{"pointA":[],"pointB":[]}},"triggerDelay":0,"triggerLoop":0,"triggerStop":false,"triggerType":0,"width":350,"zPosition":0}},"version":"1.1"}