{"backgroundEdge":{"color":-1,"displayFrames":0,"enable":false,"triggerDelay":0,"triggerType":0,"width":5,"zposition":2},"parts":{"hua":{"enable":true,"frameCount":12,"height":200,"position":{"positionX":[{"index":74,"x":27.812,"y":312},{"index":77,"x":156.875,"y":311.75}],"positionY":[]},"positionRelationType":1,"positionType":1,"rotateCenter":[{"index":46,"x":93.125,"y":376.937}],"scale":{"scaleX":{"pointA":[{"index":74,"x":27.812,"y":312}],"pointB":[{"index":77,"x":156.875,"y":311.75}]},"scaleY":{"pointA":[],"pointB":[]}},"triggerDelay":0,"triggerLoop":0,"triggerStop":false,"triggerType":0,"width":200,"zPosition":1},"saihong":{"enable":true,"frameCount":12,"height":350,"position":{"positionX":[{"index":74,"x":160.384,"y":134.7692413330078},{"index":77,"x":319.230,"y":134.4615478515625}],"positionY":[]},"positionRelationType":1,"positionType":1,"rotateCenter":[{"index":46,"x":240.769,"y":214.69232177734375}],"scale":{"scaleX":{"pointA":[{"index":74,"x":160.384,"y":134.7692413330078}],"pointB":[{"index":77,"x":319.230,"y":134.4615478515625}]},"scaleY":{"pointA":[],"pointB":[]}},"triggerDelay":0,"triggerLoop":0,"triggerStop":false,"triggerType":0,"width":500,"zPosition":0}},"version":"1.1"}