{"faceMorph":{"canvasSize":[750,1334],"makeups":[{"enable":true,"imagePath":"__facemorph/eye.png","imageScale":1,"position":[188,455],"tag":"EYE","triggerDelay":0,"triggerLoop":0,"triggerStop":false,"triggerType":0},{"enable":true,"imagePath":"__facemorph/face.png","imageScale":1,"position":[142,481],"tag":"BLUSH","triggerDelay":0,"triggerLoop":0,"triggerStop":false,"triggerType":0},{"enable":true,"imagePath":"__facemorph/mouth.png","imageScale":1,"position":[290,723],"tag":"LIP","triggerDelay":0,"triggerLoop":0,"triggerStop":false,"triggerType":0}],"zPosition":0},"stickerType":"faceMorph","version":"1.1"}