{"backgroundEdge":{"color":-1,"displayFrames":0,"enable":false,"triggerDelay":0,"triggerType":0,"width":5,"zposition":1},"parts":{"huahuan":{"enable":true,"frameCount":20,"height":252,"position":{"positionX":[{"index":74,"x":156.560,"y":344.1351623535156},{"index":77,"x":361.829,"y":343.737548828125}],"positionY":[]},"positionRelationType":1,"positionType":1,"rotateCenter":[{"index":46,"x":260.437,"y":447.4154968261719}],"scale":{"scaleX":{"pointA":[{"index":74,"x":156.560,"y":344.1351623535156}],"pointB":[{"index":77,"x":361.829,"y":343.737548828125}]},"scaleY":{"pointA":[],"pointB":[]}},"triggerDelay":0,"triggerLoop":0,"triggerStop":false,"triggerType":0,"width":500,"zPosition":0}},"version":"1.1"}