{
    "parts": {
        "ear": {
            "frameCount": 20,
            "height": 267,
            "position": {
                "positionX": [
                    {
                        "index": 74,
                        "x": 237.197,
                        "y": 344.395
                    },
                    {
                        "index": 77,
                        "x": 417.607,
                        "y": 344.045
                    }
                ],
                "positionY": [
                ]
            },
            "positionRelationType": 1,
            "positionType": 1,
            "rotateCenter": [
                {
                    "index": 46,
                    "x": 328.494,
                    "y": 435.167
                }
            ],
            "scale": {
                "scaleX": {
                    "pointA": [
                        {
                            "index": 74,
                            "x": 237.197,
                            "y": 344.395
                        }
                    ],
                    "pointB": [
                        {
                            "index": 77,
                            "x": 417.607,
                            "y": 344.045
                        }
                    ]
                },
                "scaleY": {
                    "pointA": [
                    ],
                    "pointB": [
                    ]
                }
            },
            "triggerDelay": 0,
            "triggerLoop": 0,
            "triggerStop": false,
            "triggerType": 0,
            "width": 650,
            "zPosition": 2
        },
        "hand": {
            "frameCount": 34,
            "height": 454,
            "position": {
                "positionX": [
                    {
                        "index": 108,
                        "x": -0.860,
                        "y": 457.152
                    },
                    {
                        "index": 109,
                        "x": 643.973,
                        "y": 456.291
                    }
                ],
                "positionY": [
                ]
            },
            "positionRelationType": 0,
            "positionType": 0,
            "rotateCenter": [
                {
                    "x": 325,
                    "y": 227
                }
            ],
            "scale": {
                "scaleX": {
                    "pointA": [
                        {
                            "index": 108,
                            "x": -0.860,
                            "y": 457.152
                        }
                    ],
                    "pointB": [
                        {
                            "index": 109,
                            "x": 643.973,
                            "y": 456.291
                        }
                    ]
                },
                "scaleY": {
                    "pointA": [
                    ],
                    "pointB": [
                    ]
                }
            },
            "triggerDelay": 0,
            "triggerLoop": 0,
            "triggerStop": false,
            "triggerType": 0,
            "width": 650,
            "zPosition": 3
        },
        "huzi": {
            "frameCount": 18,
            "height": 314,
            "position": {
                "positionX": [
                    {
                        "index": 46,
                        "x": 334,
                        "y": 170.100
                    }
                ],
                "positionY": [
                ]
            },
            "positionRelationType": 1,
            "positionType": 1,
            "rotateCenter": [
                {
                    "index": 46,
                    "x": 334,
                    "y": 170.100
                }
            ],
            "scale": {
                "scaleX": {
                    "pointA": [
                        {
                            "index": 74,
                            "x": 229.5,
                            "y": 66.199
                        }
                    ],
                    "pointB": [
                        {
                            "index": 77,
                            "x": 436,
                            "y": 65.800
                        }
                    ]
                },
                "scaleY": {
                    "pointA": [
                    ],
                    "pointB": [
                    ]
                }
            },
            "triggerDelay": 0,
            "triggerLoop": 0,
            "triggerStop": false,
            "triggerType": 0,
            "width": 672,
            "zPosition": 1
        },
        "ring": {
            "frameCount": 1,
            "height": 201,
            "position": {
                "positionX": [
                    {
                        "index": 16,
                        "x": 171.277,
                        "y": -12.735
                    }
                ],
                "positionY": [
                ]
            },
            "positionRelationType": 1,
            "positionType": 1,
            "rotateCenter": [
                {
                    "index": 46,
                    "x": 170.474,
                    "y": -267.645
                }
            ],
            "scale": {
                "scaleX": {
                    "pointA": [
                        {
                            "index": 74,
                            "x": 65.682,
                            "y": -371.835
                        }
                    ],
                    "pointB": [
                        {
                            "index": 77,
                            "x": 272.759,
                            "y": -372.236
                        }
                    ]
                },
                "scaleY": {
                    "pointA": [
                    ],
                    "pointB": [
                    ]
                }
            },
            "triggerDelay": 0,
            "triggerLoop": 0,
            "triggerStop": false,
            "triggerType": 0,
            "width": 359,
            "zPosition": 0
        },
        "yuanbao": {
            "frameCount": 37,
            "height": 900,
            "position": {
                "positionX": [
                    {
                        "index": 108,
                        "x": 10.597,
                        "y": 804.625
                    },
                    {
                        "index": 109,
                        "x": 577.544,
                        "y": 803.868
                    }
                ],
                "positionY": [
                ]
            },
            "positionRelationType": 0,
            "positionType": 0,
            "rotateCenter": [
                {
                    "x": 313,
                    "y": 450
                }
            ],
            "scale": {
                "scaleX": {
                    "pointA": [
                        {
                            "index": 108,
                            "x": 10.597,
                            "y": 804.625
                        }
                    ],
                    "pointB": [
                        {
                            "index": 109,
                            "x": 577.544,
                            "y": 803.868
                        }
                    ]
                },
                "scaleY": {
                    "pointA": [
                    ],
                    "pointB": [
                    ]
                }
            },
            "triggerDelay": 0,
            "triggerLoop": 0,
            "triggerStop": false,
            "triggerType": 0,
            "width": 626,
            "zPosition": 4
        }
    },
    "version": "1.1"
}
